file,length,title
blog/crm-para-ecommerce-espana-2026.html,61,CRM para Ecommerce 2026: Recupera 27% de Carritos Abandonados
blog/whatsapp-crm-pymes-guia.html,61,WhatsApp como CRM 2026: Convierte 3x Más Leads sin Salesforce
blog/crm-clinica-dental.html,68,CRM Clínica Dental 2026: Sube Retención del 41% al 90% (Comparativa)
blog/automatizacion-whatsapp-negocios.html,64,Automatizar WhatsApp Business 2026: De Cero a 24/7 sin Contratar
blog/crm-restaurantes-guia-completa.html,67,CRM para Restaurantes 2026: 12 Funciones que Aumentan tu Ticket 40%
ts-preview/wtb.html,74,"Throwin&#x27; Salt | Sell Your Luxury Watch - Best Prices, Instant Payment"
ts-preview/dashboard.html,74,"Throwin&#x27; Salt | Sell Your Luxury Watch - Best Prices, Instant Payment"
ts-preview/index.html,74,"Throwin&#x27; Salt | Sell Your Luxury Watch - Best Prices, Instant Payment"
ts-preview/members.html,74,"Throwin&#x27; Salt | Sell Your Luxury Watch - Best Prices, Instant Payment"
ts-preview/add-watch.html,74,"Throwin&#x27; Salt | Sell Your Luxury Watch - Best Prices, Instant Payment"
lead-magnets/cashflow-importer.html,61,Cashflow Template Gratis para Importadoras | Descarga | ZENIA
lead-magnets/ecommerce.html,69,47 Mensajes WhatsApp para Ecommerce — Recupera 30% más ventas | ZENIA
