file,length,desc
es\crm-dentistas-cali.html,172,CRM para clínicas dentales en Cali. Agente de IA para WhatsApp que automatiza ag...
es\crm-dentistas-cartagena.html,177,CRM para clínicas dentales en Cartagena. Agente de IA para WhatsApp que automati...
es\crm-dentistas-guadalajara.html,179,CRM para clínicas dentales en Guadalajara. Agente de IA para WhatsApp que automa...
es\crm-dentistas-guayaquil.html,177,CRM para clínicas dentales en Guayaquil. Agente de IA para WhatsApp que automati...
es\crm-dentistas-montevideo.html,178,CRM para clínicas dentales en Montevideo. Agente de IA para WhatsApp que automat...
es\crm-dentistas-panama-city.html,174,CRM para clínicas dentales en Panamá. Agente de IA para WhatsApp que automatiza ...
es\crm-dentistas-quito.html,173,CRM para clínicas dentales en Quito. Agente de IA para WhatsApp que automatiza a...
es\crm-dentistas-san-jose-cr.html,176,CRM para clínicas dentales en San José. Agente de IA para WhatsApp que automatiz...
es\crm-fisios-cali.html,172,CRM para fisioterapeutas en Cali. Agente de IA para WhatsApp que automatiza agen...
es\crm-fisios-cartagena.html,177,CRM para fisioterapeutas en Cartagena. Agente de IA para WhatsApp que automatiza...
es\crm-fisios-guadalajara.html,179,CRM para fisioterapeutas en Guadalajara. Agente de IA para WhatsApp que automati...
es\crm-fisios-guayaquil.html,177,CRM para fisioterapeutas en Guayaquil. Agente de IA para WhatsApp que automatiza...
es\crm-fisios-montevideo.html,178,CRM para fisioterapeutas en Montevideo. Agente de IA para WhatsApp que automatiz...
es\crm-fisios-panama-city.html,174,CRM para fisioterapeutas en Panamá. Agente de IA para WhatsApp que automatiza ag...
es\crm-fisios-quito.html,173,CRM para fisioterapeutas en Quito. Agente de IA para WhatsApp que automatiza age...
es\crm-fisios-san-jose-cr.html,176,CRM para fisioterapeutas en San José. Agente de IA para WhatsApp que automatiza ...
es\crm-panaderias-cali.html,162,"CRM para panaderías en Cali. Agente de IA para WhatsApp que automatiza pedidos, ..."
es\crm-panaderias-cartagena.html,167,CRM para panaderías en Cartagena. Agente de IA para WhatsApp que automatiza pedi...
es\crm-panaderias-guadalajara.html,169,CRM para panaderías en Guadalajara. Agente de IA para WhatsApp que automatiza pe...
es\crm-panaderias-guayaquil.html,167,CRM para panaderías en Guayaquil. Agente de IA para WhatsApp que automatiza pedi...
es\crm-panaderias-montevideo.html,168,CRM para panaderías en Montevideo. Agente de IA para WhatsApp que automatiza ped...
es\crm-panaderias-panama-city.html,164,CRM para panaderías en Panamá. Agente de IA para WhatsApp que automatiza pedidos...
es\crm-panaderias-quito.html,163,"CRM para panaderías en Quito. Agente de IA para WhatsApp que automatiza pedidos,..."
es\crm-panaderias-san-jose-cr.html,166,CRM para panaderías en San José. Agente de IA para WhatsApp que automatiza pedid...
es\crm-spas-cartagena.html,156,"CRM para spas en Cartagena. Agente de IA para WhatsApp que automatiza reservas, ..."
es\crm-spas-guadalajara.html,158,CRM para spas en Guadalajara. Agente de IA para WhatsApp que automatiza reservas...
es\crm-spas-guayaquil.html,156,"CRM para spas en Guayaquil. Agente de IA para WhatsApp que automatiza reservas, ..."
es\crm-spas-montevideo.html,157,"CRM para spas en Montevideo. Agente de IA para WhatsApp que automatiza reservas,..."
es\crm-veterinarias-cali.html,174,CRM para clínicas veterinarias en Cali. Agente de IA para WhatsApp que automatiz...
es\crm-veterinarias-cartagena.html,179,CRM para clínicas veterinarias en Cartagena. Agente de IA para WhatsApp que auto...
es\crm-veterinarias-guadalajara.html,181,CRM para clínicas veterinarias en Guadalajara. Agente de IA para WhatsApp que au...
es\crm-veterinarias-guayaquil.html,179,CRM para clínicas veterinarias en Guayaquil. Agente de IA para WhatsApp que auto...
es\crm-veterinarias-montevideo.html,180,CRM para clínicas veterinarias en Montevideo. Agente de IA para WhatsApp que aut...
es\crm-veterinarias-panama-city.html,176,CRM para clínicas veterinarias en Panamá. Agente de IA para WhatsApp que automat...
es\crm-veterinarias-quito.html,175,CRM para clínicas veterinarias en Quito. Agente de IA para WhatsApp que automati...
es\crm-veterinarias-san-jose-cr.html,178,CRM para clínicas veterinarias en San José. Agente de IA para WhatsApp que autom...
lead-magnets\cashflow-importer.html,187,Plantilla de Cashflow para importadoras y PYMEs que reciben Zelle. Tres buckets ...
