source,broken_url,line
blog/integracion-whatsapp-business-api-espana.html,/es/crm-belleza.html,401
blog/herramientas-automatizacion-pymes-2026.html,/es/crm-belleza.html,381
blog/agente-ia-personalizado-vs-chatbot-generico.html,/es/crm-belleza.html,345
blog/whatsapp-business-vs-crm-profesional-diferencias.html,/es/crm-belleza.html,366
blog/automatizar-negocio-pequeno-sin-programar.html,/es/crm-fitness.html,457
blog/automatizar-negocio-pequeno-sin-programar.html,/es/crm-belleza.html,458
blog/como-elegir-crm-para-pyme.html,/es/crm-belleza.html,439
blog/perder-clientes-por-no-contestar-whatsapp.html,/es/crm-belleza.html,400
blog/crm-centro-wellness-spa.html,/blog/mejor-crm-para-belleza-en-madrid.html,435
blog/crm-centro-wellness-spa.html,/blog/mejor-crm-para-belleza-en-barcelona.html,436
blog/crm-centro-wellness-spa.html,/blog/mejor-crm-para-belleza-en-lima.html,437
